ID,File,Context,Current Text,New Text (edit this column only)
1,lib/pages/challenge_detail_page.dart,Participant count label (singular),1 participant,
2,lib/pages/challenge_detail_page.dart,Participant count label (plural),$count participants,
3,lib/pages/challenge_detail_page.dart,Tally save-failure snackbar,Couldn't save — check your connection and try again.,Save failed - check your connection and try again.
4,lib/pages/challenge_detail_page.dart,Join-challenge failure dialog title,Couldn't join challenge,
5,lib/pages/challenge_detail_page.dart,Join-challenge failure dialog message,Something went wrong. Please try again.,
6,lib/pages/challenge_detail_page.dart,Invite code dialog title,Invite code,Share code
7,lib/pages/challenge_detail_page.dart,Invite code dialog subtitle,"Share this code so others can join ""${challenge.name}"":",
8,lib/pages/challenge_detail_page.dart,Invite code share-sheet text,"Join my challenge ""${challenge.name}"" on Count Me In! Use invite code ${challenge.code} to join, or tap this link: https://molten-mage.github.io/join/challenge/${challenge.code}",
9,lib/pages/challenge_detail_page.dart,Invite code copied confirmation,Copied to clipboard!,
10,lib/pages/challenge_detail_page.dart,Invite code copy hint,Tap the code to copy,
11,lib/pages/challenge_detail_page.dart,Invite code dialog close button,Close,
12,lib/pages/challenge_detail_page.dart,Invite code dialog share button,Share,
13,lib/pages/challenge_detail_page.dart,Reset-all-progress confirm dialog title,Reset progress,
14,lib/pages/challenge_detail_page.dart,Reset-all-progress confirm dialog message,"Are you sure you want to reset all of your objective tallies in ""${challenge.name}"" back to zero? This can't be undone.","Are you sure you want to reset all of your objective tallies in ""${challenge.name}"" back to zero? "
15,lib/pages/challenge_detail_page.dart,Reset-all-progress confirm button,Reset,
16,lib/pages/challenge_detail_page.dart,Reset-one-objective confirm dialog title,Reset objective,
17,lib/pages/challenge_detail_page.dart,Reset-one-objective confirm dialog message,"Are you sure you want to reset your tally for ""${objective.name}"" back to zero? This can't be undone.","Are you sure you want to reset your tally for ""${objective.name}"" back to zero?"
18,lib/pages/challenge_detail_page.dart,Reset-one-objective confirm button,Reset,
19,lib/pages/challenge_detail_page.dart,Leave-challenge confirm message (non-creator),"Are you sure you want to leave ""${challenge.name}""?",
20,lib/pages/challenge_detail_page.dart,"Leave-challenge confirm message (creator, last member)","You're the only member left. Leaving will delete ""${challenge.name}"".",
21,lib/pages/challenge_detail_page.dart,"Leave-challenge confirm message (creator, not last member)",You created this challenge. Leaving will hand ownership off to another member.,
22,lib/pages/challenge_detail_page.dart,Leave-challenge confirm dialog title,Leave challenge,
23,lib/pages/challenge_detail_page.dart,Leave-challenge confirm button,Leave,
24,lib/pages/challenge_detail_page.dart,App bar overflow-menu tooltip,More options,
25,lib/pages/challenge_detail_page.dart,Overflow menu item — challenge info,Challenge info,
26,lib/pages/challenge_detail_page.dart,Overflow menu item — edit challenge,Edit challenge,
27,lib/pages/challenge_detail_page.dart,Overflow menu item — invite code,Invite code,Share code
28,lib/pages/challenge_detail_page.dart,Overflow menu item — leave challenge,Leave challenge,
29,lib/pages/challenge_detail_page.dart,Delete-challenge confirm dialog title,Delete challenge,
30,lib/pages/challenge_detail_page.dart,Delete-challenge confirm dialog message,"Are you sure you want to delete ""${challenge.name}""? This removes it for everyone.",
31,lib/pages/challenge_detail_page.dart,Overflow menu item — delete challenge,Delete challenge,
32,lib/pages/challenge_detail_page.dart,Participants stream error message,Something went wrong: ${snapshot.error},
33,lib/pages/challenge_detail_page.dart,Reset progress button label (below challenge header),Reset progress,
34,lib/pages/challenge_detail_page.dart,Join challenge button label,Join Challenge,
35,lib/pages/challenge_detail_page.dart,Challenge deadline label — already ended,Ended,
36,lib/pages/challenge_detail_page.dart,Challenge deadline label — ends today,Ends today,
37,lib/pages/challenge_detail_page.dart,Challenge deadline label — days remaining,Ends in $daysLeft day${daysLeft == 1 ? '' : 's'},
38,lib/pages/challenge_detail_page.dart,Viewer's own progress percentage (challenge header),Your progress: ${(myPercent * 100).round()}%,
39,lib/pages/challenge_detail_page.dart,Objective tally reset icon tooltip,Reset,
40,lib/pages/challenge_form_page.dart,Edit-objectives error dialog title,Couldn't update objectives,
41,lib/pages/challenge_form_page.dart,Create-challenge error dialog title,Couldn't create challenge,
42,lib/pages/challenge_form_page.dart,Create/edit challenge error dialog message,Something went wrong. Please try again.,
43,lib/pages/challenge_form_page.dart,App bar title — edit mode,Edit Challenge,
44,lib/pages/challenge_form_page.dart,App bar title — create mode,Create a challenge,
45,lib/pages/challenge_form_page.dart,App bar save button,Save,
46,lib/pages/challenge_form_page.dart,Objectives section heading,Objectives,
47,lib/pages/challenge_form_page.dart,Objectives count indicator (create mode),${_objectives.length} / $maxChallengeObjectives,
48,lib/pages/challenge_form_page.dart,"Objective name field label (numbered, create mode)",Objective ${i + 1},
49,lib/pages/challenge_form_page.dart,Objective name field hint,e.g. Push-ups,
50,lib/pages/challenge_form_page.dart,Objective target field label,Target,
51,lib/pages/challenge_form_page.dart,Add objective button,Add objective,
52,lib/pages/challenge_form_page.dart,Challenge name field label,Name,
53,lib/pages/challenge_form_page.dart,Challenge description field label,Description (optional),
54,lib/pages/challenge_form_page.dart,Visibility section heading,Who can join?,
55,lib/pages/challenge_form_page.dart,Visibility segmented button — private,Private,
56,lib/pages/challenge_form_page.dart,Visibility segmented button — public,Public,
57,lib/pages/challenge_form_page.dart,Visibility explanation — public selected,Anyone can find and join this challenge from Explore.,
58,lib/pages/challenge_form_page.dart,Visibility explanation — private selected,Only people with the invite code can join.,
59,lib/pages/challenge_form_page.dart,Deadline checkbox label,Set a deadline?,
60,lib/pages/challenge_form_page.dart,Deadline picker placeholder (no date chosen yet),Choose a date,
61,lib/pages/challenge_form_page.dart,Read-only visibility label — public (edit mode),Public,
62,lib/pages/challenge_form_page.dart,Read-only visibility label — private (edit mode),Private,
63,lib/pages/challenge_form_page.dart,Read-only deadline label — none set (edit mode),No deadline,
64,lib/pages/challenge_participants_page.dart,Participant count label (singular),1 participant,
65,lib/pages/challenge_participants_page.dart,Participant count label (plural),$count participants,
66,lib/pages/challenge_participants_page.dart,App bar title,Challenge Info,
67,lib/pages/challenge_participants_page.dart,Participants stream error message,Something went wrong: ${snapshot.error},
68,lib/pages/challenge_participants_page.dart,Deadline label — already ended,Ended,
69,lib/pages/challenge_participants_page.dart,Deadline label — ends today,Ends today,
70,lib/pages/challenge_participants_page.dart,Deadline label — days remaining,Ends in $daysLeft day${daysLeft == 1 ? '' : 's'},
71,lib/pages/challenge_participants_page.dart,Viewer's own progress percentage (info header),Your progress: ${(myPercent * 100).round()}%,
72,lib/pages/challenge_participants_page.dart,Creator display name fallback when creator not found among participants,Unknown,
73,lib/pages/challenge_participants_page.dart,Creator name shown for official/generated challenges,Count Me In,
74,lib/pages/challenge_participants_page.dart,Creator attribution line,Created by $creatorName,
75,lib/pages/challenge_participants_page.dart,First-to-complete line,First to complete: ${completed.first.displayName},
76,lib/pages/challenge_participants_page.dart,Participant completion rate line,Participant completion rate: $completionRate%,
77,lib/pages/challenge_participants_page.dart,Objective leaderboard goal label,Goal: $target,
78,lib/pages/challenge_participants_page.dart,Empty leaderboard message (no participants),No participants yet.,
79,lib/pages/challenge_participants_page.dart,Leaderboard rank-gap ellipsis,···,
80,lib/pages/challenge_participants_page.dart,Leaderboard row label for the viewer's own entry,You,
81,lib/pages/challenges_list_page.dart,Deadline label (list subtitle) — ends today,Ends today,
82,lib/pages/challenges_list_page.dart,"Deadline label (list subtitle) — days remaining, abbreviated",Ends in $daysLeft d,
83,lib/pages/challenges_list_page.dart,"Objective count label (singular, Explore subtitle)",1 objective,
84,lib/pages/challenges_list_page.dart,"Objective count label (plural, Explore subtitle)",$objectiveCount objectives,
85,lib/pages/challenges_list_page.dart,"Participant count label (singular, reused in this file)",1 participant,
86,lib/pages/challenges_list_page.dart,"Participant count label (plural, reused in this file)",$count participants,
87,lib/pages/challenges_list_page.dart,Add-options sheet item — create challenge,Create a challenge,
88,lib/pages/challenges_list_page.dart,Add-options sheet item — join with code,Join with a code,
89,lib/pages/challenges_list_page.dart,Generic join-error fallback message,Something went wrong. Please try again.,
90,lib/pages/challenges_list_page.dart,Join-challenge error dialog title,Couldn't join challenge,
91,lib/pages/challenges_list_page.dart,App bar title,Challenges,
92,lib/pages/challenges_list_page.dart,Tab label — My Challenges,My Challenges,
93,lib/pages/challenges_list_page.dart,Tab label — Explore,Explore,
94,lib/pages/challenges_list_page.dart,Tab label — Completed,Completed,
95,lib/pages/challenges_list_page.dart,FAB tooltip — add challenge,Add challenge,
96,lib/pages/challenges_list_page.dart,My Challenges tab stream error message,Something went wrong: ${snapshot.error},
97,lib/pages/challenges_list_page.dart,My Challenges tab empty state,No challenges yet. Tap + to create one or join with a code.,
98,lib/pages/challenges_list_page.dart,My Challenges tab subtitle progress line,Progress: $percent%,
99,lib/pages/challenges_list_page.dart,Completed tab stream error message,Something went wrong: ${snapshot.error},
100,lib/pages/challenges_list_page.dart,Completed tab empty state,"Challenges you've finished will show up here once you complete every objective, or their deadline passes.",
101,lib/pages/challenges_list_page.dart,Completed tab status — completed by viewer,Completed!,
102,lib/pages/challenges_list_page.dart,Completed tab status — deadline passed,Ended,
103,lib/pages/challenges_list_page.dart,Completed tab list-tile subtitle template,$objectivesText · ${_participantsText(challenge)}\nProgress: $percent% · $status,
104,lib/pages/challenges_list_page.dart,Explore tab stream error message,Something went wrong: ${snapshot.error},
105,lib/pages/challenges_list_page.dart,Explore tab empty state,No public challenges to join right now.,
106,lib/pages/challenges_list_page.dart,Join-a-challenge dialog title,Join a challenge,
107,lib/pages/challenges_list_page.dart,Join-a-challenge dialog code field label,Code,
108,lib/pages/challenges_list_page.dart,Join-a-challenge dialog cancel button,Cancel,
109,lib/pages/challenges_list_page.dart,Join-a-challenge dialog join button,Join,
110,lib/pages/counter_detail_page.dart,Badge-earned celebration message (from counter detail page),"""${_counter.title}"" hit ${newlyEarnedBadge.value}. Badge earned!",
111,lib/pages/counter_detail_page.dart,Reset-counter dialog title,Reset counter,
112,lib/pages/counter_detail_page.dart,Reset-counter dialog message,"Are you sure you want to reset ""${_counter.title}"" to 0?",
113,lib/pages/counter_detail_page.dart,"Reset-counter dialog ""also clear badges"" checkbox",Also clear badges,
114,lib/pages/counter_detail_page.dart,Reset-counter dialog cancel button,Cancel,
115,lib/pages/counter_detail_page.dart,Reset-counter dialog confirm button,Reset,
116,lib/pages/counter_detail_page.dart,App bar overflow-menu tooltip,More options,
117,lib/pages/counter_detail_page.dart,Overflow menu item — edit,Edit,
118,lib/pages/counter_detail_page.dart,Delete-counter confirm dialog title,Delete counter,
119,lib/pages/counter_detail_page.dart,Delete-counter confirm dialog message,"Are you sure you want to delete ""${_counter.title}""?",
120,lib/pages/counter_detail_page.dart,Overflow menu item — delete,Delete,
121,lib/pages/counter_detail_page.dart,Notes section heading,Notes,
122,lib/pages/counter_detail_page.dart,Notes preview placeholder when empty,Add notes...,
123,lib/pages/counter_detail_page.dart,Reset counter list tile (destructive action row),Reset counter,
124,lib/pages/counter_detail_page.dart,Badges section heading,Badges,
125,lib/pages/counter_detail_page.dart,Empty badges state,Reach your goal to earn a badge!,
126,lib/pages/counter_notes_page.dart,App bar title,Notes,
127,lib/pages/counter_notes_page.dart,Notes text field hint,Write your notes...,
128,lib/pages/group_detail_page.dart,Tally save-failure snackbar,Couldn't save — check your connection and try again.,Save failed - check your connection and try again.
129,lib/pages/group_detail_page.dart,Invite code share-sheet text,"Join my group ""${group.name}"" on Count Me In! Use invite code ${group.code} to join, or tap this link: https://molten-mage.github.io/join/group/${group.code}",
130,lib/pages/group_detail_page.dart,Invite code dialog title,Invite code,Share code
131,lib/pages/group_detail_page.dart,Invite code dialog subtitle,"Share this code so others can join ""${group.name}"":",
132,lib/pages/group_detail_page.dart,Invite code copied confirmation,Copied to clipboard!,
133,lib/pages/group_detail_page.dart,Invite code copy hint,Tap the code to copy,
134,lib/pages/group_detail_page.dart,Invite code dialog close button,Close,
135,lib/pages/group_detail_page.dart,Invite code dialog share button,Share,
136,lib/pages/group_detail_page.dart,Group members dialog title,Group members,
137,lib/pages/group_detail_page.dart,Group members dialog — remove member icon tooltip,Remove member,
138,lib/pages/group_detail_page.dart,Group members dialog close button,Close,
139,lib/pages/group_detail_page.dart,Remove-member confirm dialog title,Remove member,
140,lib/pages/group_detail_page.dart,Remove-member confirm dialog message,"Are you sure you want to remove ${member.displayName} from ""${group.name}""?",
141,lib/pages/group_detail_page.dart,Remove-member confirm button,Remove,
142,lib/pages/group_detail_page.dart,Leave-group confirm message (non-creator),"Are you sure you want to leave ""${group.name}""?",
143,lib/pages/group_detail_page.dart,"Leave-group confirm message (creator, last member)","You're the only member left. Leaving will delete ""${group.name}"".",
144,lib/pages/group_detail_page.dart,"Leave-group confirm message (creator, not last member)",You created this group. Leaving will hand off ownership to another member.,
145,lib/pages/group_detail_page.dart,Leave-group confirm dialog title,Leave group,
146,lib/pages/group_detail_page.dart,Leave-group confirm button,Leave,
147,lib/pages/group_detail_page.dart,Group goal-reached celebration message,"""${group.name}"" hit $total! Great teamwork.",
148,lib/pages/group_detail_page.dart,App bar overflow-menu tooltip,More options,
149,lib/pages/group_detail_page.dart,Overflow menu item — edit group,Edit group,
150,lib/pages/group_detail_page.dart,Overflow menu item — invite code,Invite code,Share code
151,lib/pages/group_detail_page.dart,Overflow menu item — leave group,Leave group,
152,lib/pages/group_detail_page.dart,Delete-group confirm dialog title,Delete group,
153,lib/pages/group_detail_page.dart,Delete-group confirm dialog message,"Are you sure you want to delete ""${group.name}""? This removes it for everyone in the group.",
154,lib/pages/group_detail_page.dart,Overflow menu item — delete group,Delete group,
155,lib/pages/group_detail_page.dart,Members stream error message,Something went wrong: ${snapshot.error},
156,lib/pages/group_detail_page.dart,Team total header — with target set,Team goal: $displayTotal / $target,
157,lib/pages/group_detail_page.dart,Team total header — no target set,Team total: $displayTotal,
158,lib/pages/group_detail_page.dart,Badges section heading,Badges,
159,lib/pages/group_detail_page.dart,Empty badges state,Reach your goal to earn a badge!,
160,lib/pages/group_detail_page.dart,Group admin section heading,Group admin,
161,lib/pages/group_detail_page.dart,Admin display name fallback when creator not found among members,Unknown,
162,lib/pages/group_detail_page.dart,Edit-group dialog title,Edit group,
163,lib/pages/group_detail_page.dart,Edit-group dialog name field label,Name,
164,lib/pages/group_detail_page.dart,"Edit-group dialog ""add goal"" checkbox",Add goal?,
165,lib/pages/group_detail_page.dart,Edit-group dialog target field label,Target count,
166,lib/pages/group_detail_page.dart,Edit-group dialog target field hint,e.g. ${nextTenAbove(widget.currentTotal)},
167,lib/pages/group_detail_page.dart,Edit-group dialog target field helper text,Must be between ${widget.currentTotal + 1} and $maxCounterInput,
168,lib/pages/group_detail_page.dart,"Edit-group dialog ""Group Members"" button",Group Members,
169,lib/pages/group_detail_page.dart,Edit-group dialog cancel button,Cancel,
170,lib/pages/group_detail_page.dart,Edit-group dialog save button,Save,
171,lib/pages/groups_list_page.dart,Delete-group confirm dialog title,Delete group,
172,lib/pages/groups_list_page.dart,Delete-group confirm dialog message,"Are you sure you want to delete ""${group.name}""? This removes it for everyone in the group.",
173,lib/pages/groups_list_page.dart,Leave-group confirm message (non-creator),"Are you sure you want to leave ""${group.name}""?",
174,lib/pages/groups_list_page.dart,"Leave-group confirm message (creator, last member)","You're the only member left. Leaving will delete ""${group.name}"".",
175,lib/pages/groups_list_page.dart,Leave-group confirm dialog title,Leave group,
176,lib/pages/groups_list_page.dart,Leave-group confirm button,Leave,
177,lib/pages/groups_list_page.dart,Create-group error dialog title (FirebaseException),Couldn't create group,
178,lib/pages/groups_list_page.dart,Create-group error dialog message fallback (FirebaseException),Something went wrong. Please try again.,
179,lib/pages/groups_list_page.dart,Create-group error dialog title (generic error),Couldn't create group,
180,lib/pages/groups_list_page.dart,Create-group error dialog message (generic error),Something went wrong. Please try again.,
181,lib/pages/groups_list_page.dart,Join-group error message fallback (FirebaseException),Something went wrong. Please try again.,
182,lib/pages/groups_list_page.dart,Join-group error message fallback (generic error),Something went wrong. Please try again.,
183,lib/pages/groups_list_page.dart,Join-group error dialog title,Couldn't join group,
184,lib/pages/groups_list_page.dart,Add-options sheet item — create group,Create a group,
185,lib/pages/groups_list_page.dart,Add-options sheet item — join group,Join a group,
186,lib/pages/groups_list_page.dart,App bar title,Groups,
187,lib/pages/groups_list_page.dart,Edit-order toggle tooltip — currently editing,Done,
188,lib/pages/groups_list_page.dart,Edit-order toggle tooltip — not editing,Edit,
189,lib/pages/groups_list_page.dart,Groups stream error message,Something went wrong: ${snapshot.error},
190,lib/pages/groups_list_page.dart,Empty groups state,No groups yet. Tap + to create or join one.,
191,lib/pages/groups_list_page.dart,Reorder-mode row trailing icon tooltip — creator (delete),Delete group,
192,lib/pages/groups_list_page.dart,Reorder-mode row trailing icon tooltip — member (leave),Leave group,
193,lib/pages/groups_list_page.dart,Group list-tile subtitle — with target set,Group progress: $total/$target,
194,lib/pages/groups_list_page.dart,Group list-tile subtitle — no target set,Group counter: $total,
195,lib/pages/groups_list_page.dart,FAB tooltip — add group,Add group,
196,lib/pages/groups_list_page.dart,Create-group dialog title,Create a group,
197,lib/pages/groups_list_page.dart,Create-group dialog name field label,Name,
198,lib/pages/groups_list_page.dart,"Create-group dialog ""add goal"" checkbox",Add goal?,
199,lib/pages/groups_list_page.dart,Create-group dialog target field label,Target count,
200,lib/pages/groups_list_page.dart,Create-group dialog target field hint,e.g. ${nextTenAbove(currentTotal)},
201,lib/pages/groups_list_page.dart,Create-group dialog target field helper text,Must be between ${currentTotal + 1} and $maxCounterInput,
202,lib/pages/groups_list_page.dart,"Create-group dialog ""who controls tallies"" heading",Who controls tallies?,
203,lib/pages/groups_list_page.dart,Tally-control segmented button — members,Members,
204,lib/pages/groups_list_page.dart,Tally-control segmented button — admin,Admin,
205,lib/pages/groups_list_page.dart,Tally-control explanation — admin-controlled selected,Only you will be able to update members' tallies.,
206,lib/pages/groups_list_page.dart,Tally-control explanation — member-controlled selected,Each member can update their own tally.,
207,lib/pages/groups_list_page.dart,Create-group dialog cancel button,Cancel,
208,lib/pages/groups_list_page.dart,Create-group dialog create button,Create,
209,lib/pages/groups_list_page.dart,Join-group dialog title,Join a group,
210,lib/pages/groups_list_page.dart,Join-group dialog code field label,Code,
211,lib/pages/groups_list_page.dart,Join-group dialog cancel button,Cancel,
212,lib/pages/groups_list_page.dart,Join-group dialog join button,Join,
213,lib/pages/home_page.dart,Counter save-failure snackbar,Couldn't save — check your connection and try again.,Save failed - check your connection and try again.
214,lib/pages/home_page.dart,Add-options sheet item — add a counter,Add a counter,
215,lib/pages/home_page.dart,Badge-earned celebration message (from counters list),"""${updated.title}"" hit ${newlyEarnedBadge.value}. Badge earned!",
216,lib/pages/home_page.dart,Delete-counter confirm dialog title,Delete counter,
217,lib/pages/home_page.dart,Delete-counter confirm dialog message,"Are you sure you want to delete ""${counter.title}""?",
218,lib/pages/home_page.dart,App bar title,Counters,
219,lib/pages/home_page.dart,Edit-order toggle tooltip — currently editing,Done,
220,lib/pages/home_page.dart,Edit-order toggle tooltip — not editing,Edit,
221,lib/pages/home_page.dart,Empty counters state,No counters yet. Tap + to add one.,
222,lib/pages/home_page.dart,Reorder-mode row trailing icon tooltip,Delete counter,
223,lib/pages/home_page.dart,FAB tooltip — add counter,Add counter,
224,lib/pages/login_page.dart,"""Account exists with different provider"" error message",An account already exists$emailPart using a different sign-in method. Try ${others.join(' or ')} instead.,
225,lib/pages/login_page.dart,Email/password sign-in generic error fallback,Something went wrong.,
226,lib/pages/login_page.dart,Password reset — missing/invalid email prompt,"Enter your email above, then tap ""Forgot password?""",
227,lib/pages/login_page.dart,Password reset sent confirmation,Password reset email sent to $email.,
228,lib/pages/login_page.dart,Password reset generic error fallback,Something went wrong.,
229,lib/pages/login_page.dart,Google sign-in failure message,Google sign-in failed. Try again.,
230,lib/pages/login_page.dart,Google sign-in FirebaseAuthException fallback,Something went wrong.,
231,lib/pages/login_page.dart,Google sign-in unavailable-on-device message,Google sign-in isn't available on this device.,
232,lib/pages/login_page.dart,Apple sign-in failure message,Apple sign-in failed. Try again.,
233,lib/pages/login_page.dart,Apple sign-in FirebaseAuthException fallback,Something went wrong.,
234,lib/pages/login_page.dart,Apple sign-in unavailable-on-device message,Apple sign-in isn't available on this device.,
235,lib/pages/login_page.dart,App bar title — registering,Create account,
236,lib/pages/login_page.dart,App bar title — logging in,Log in,
237,lib/pages/login_page.dart,Method picker — app name headline,Count Me In,
238,lib/pages/login_page.dart,"Method picker — ""Log in"" subheading",Log in,
239,lib/pages/login_page.dart,Method picker — continue with email button,Continue with Email,
240,lib/pages/login_page.dart,Method picker — continue with Apple button,Continue with Apple,
241,lib/pages/login_page.dart,Method picker — continue with Google button,Continue with Google,
242,lib/pages/login_page.dart,Method picker — divider word between sign-in methods and guest option,or,
243,lib/pages/login_page.dart,Method picker — continue as guest button,Continue without an account,
244,lib/pages/login_page.dart,Method picker — guest-mode explanation,"Your counters will be stored only on this device — they won't sync, back up, or support group goals.","Your counters will be stored only on this device, no backup. Limited app features."
245,lib/pages/login_page.dart,Method picker — privacy policy consent text (lead-in span),"By continuing, you agree to our",
246,lib/pages/login_page.dart,Method picker — privacy policy link text,Privacy Policy,
247,lib/pages/login_page.dart,Method picker — privacy policy consent text (trailing period span),.,
248,lib/pages/login_page.dart,Email form — email field label,Email,
249,lib/pages/login_page.dart,Email form — email field validator error,Enter a valid email,
250,lib/pages/login_page.dart,Email form — password field label,Password,
251,lib/pages/login_page.dart,Email form — password field validator error,Password must be at least 6 characters,
252,lib/pages/login_page.dart,Email form — confirm password field label (registering),Confirm password,
253,lib/pages/login_page.dart,Email form — confirm password validator error,Passwords do not match,
254,lib/pages/login_page.dart,Email form — username field label (registering),Username (optional),
255,lib/pages/login_page.dart,Email form — username field helper text,Shown to others instead of the name associated with you email account,
256,lib/pages/login_page.dart,Email form — submit button (registering),Create account,
257,lib/pages/login_page.dart,Email form — submit button (logging in),Log in,
258,lib/pages/login_page.dart,Email form — toggle to login link (currently registering),Already have an account? Log in,
259,lib/pages/login_page.dart,Email form — toggle to register link (currently logging in),Need an account? Create one,
260,lib/pages/login_page.dart,Email form — forgot password button,Forgot password?,
261,lib/pages/main_shell.dart,Guest placeholder — Challenges tab title,Challenges,
262,lib/pages/main_shell.dart,Guest placeholder — Challenges tab explanation,Challenges are shared with other people and need an account to sync.,
263,lib/pages/main_shell.dart,Guest placeholder — Groups tab title,Groups,
264,lib/pages/main_shell.dart,Guest placeholder — Groups tab explanation,Group tasks are shared with other people and need an account to sync.,
265,lib/pages/main_shell.dart,Bottom nav destination label — Challenges,Challenges,
266,lib/pages/main_shell.dart,Bottom nav destination label — Groups,Groups,
267,lib/pages/main_shell.dart,Bottom nav destination label — Counters,Counters,
268,lib/pages/main_shell.dart,Bottom nav destination label — Settings,Settings,
269,lib/pages/main_shell.dart,"Guest placeholder — ""sign in to use X"" heading template",Sign in to use ${title.toLowerCase()},
270,lib/pages/main_shell.dart,Guest placeholder — sign-in button,Log in or create an account,
271,lib/pages/privacy_policy_page.dart,App bar title,Privacy Policy,
272,lib/pages/privacy_policy_page.dart,Last-updated date line,"Last updated: August 9, 2026",
273,lib/pages/privacy_policy_page.dart,Intro paragraph,"Count Me In (""the app"") is a personal goal and group tally tracker. This policy explains what data the app collects, how it's used, and who it's shared with.",
274,lib/pages/privacy_policy_page.dart,Section heading — Data we collect,Data we collect,
275,lib/pages/privacy_policy_page.dart,Paragraph — guest mode data handling,"If you use the app without an account (guest mode): your personal counters, targets, notes, and badges are stored locally only, using standard on-device storage, and are never sent to us or anyone else. This applies to your counter data specifically — guest mode does not exempt you from the app usage analytics and advertising data described below, which apply to every user of the app, account or not.",
276,lib/pages/privacy_policy_page.dart,Paragraph — lead-in to account-data bullets,"If you create an account, we additionally collect:",
277,lib/pages/privacy_policy_page.dart,Bullet — Account info,"Account info — an email address and password (if you sign up with email), or your name and email as shared by Google or Apple (if you sign in with one of those). Passwords are handled entirely by our authentication provider (Firebase Authentication) — the app never sees or stores your password itself.",
278,lib/pages/privacy_policy_page.dart,Bullet — Display name,"Display name — the name shown to other members of any group you join. This comes from your Google/Apple account, or a username you choose when registering with email.",
279,lib/pages/privacy_policy_page.dart,Bullet — App data,"App data — the personal counters, targets, notes, and badges you create, and any groups you create or join, including group names, invite codes, targets, member tallies, and badges earned.",
280,lib/pages/privacy_policy_page.dart,Paragraph — lead-in to every-user bullets,"For every user, account or guest, we collect:",
281,lib/pages/privacy_policy_page.dart,Bullet — Usage analytics,"Usage analytics — we use Firebase Analytics to understand how the app is used: which features get tapped (e.g. creating a counter, reaching a goal, joining a group), general app-open/session activity, and basic device/OS information. This is tied to an anonymous device identifier, not your name or email, and never includes the actual content of your counters or notes.",
282,lib/pages/privacy_policy_page.dart,Bullet — Advertising data,"Advertising data — unless you're on the paid Premium tier (which removes ads entirely), the app shows banner ads served by Google AdMob. AdMob and its partners may use advertising identifiers (Apple's IDFA or Android's advertising ID) and similar technologies to serve and measure ads, and — only with your consent — to personalize them.",
283,lib/pages/privacy_policy_page.dart,Section heading — Ad consent,Ad consent,
284,lib/pages/privacy_policy_page.dart,Paragraph — consent form / ATT explanation,"Where required by law (the EEA, UK, and similar jurisdictions), the app shows a consent form — provided by Google's User Messaging Platform — the first time it would show you an ad, letting you choose whether ads can be personalized. On iOS, the app also asks for Apple's App Tracking Transparency permission before using identifiers that track you across other apps. Declining either doesn't stop the app from working — you'll just see non-personalized ads instead.",
285,lib/pages/privacy_policy_page.dart,Paragraph — where to change ad consent later,"If you're somewhere this choice applies to you, you can change it anytime from Settings → Ad privacy options.",
286,lib/pages/privacy_policy_page.dart,Section heading — How we use your data,How we use your data,
287,lib/pages/privacy_policy_page.dart,Paragraph — how data is used,"Your account and app data are used to provide the app's functionality: syncing your counters across your devices, and running shared group tallies and leaderboards for the groups you're part of. Usage analytics is used to understand which features people actually use so we can improve the app. Advertising data is used to serve and measure the ads that support the free tier, and — only with consent where required — to personalize them.",
288,lib/pages/privacy_policy_page.dart,Section heading — Who your data is shared with,Who your data is shared with,
289,lib/pages/privacy_policy_page.dart,Bullet — Other app users,"Other app users: if you join or create a group, your display name and tally within that group are visible to other people using the app (so they can see group progress and who earned which badge). Your email address and personal (non-group) counters are never shown to other users.",
290,lib/pages/privacy_policy_page.dart,Bullet — Service providers,"Service providers: we use Google Firebase (Authentication, Cloud Firestore, and Analytics) to sign you in, store your data securely, and understand app usage. We use Google AdMob to serve ads. We use Google Sign-In and/or Sign in with Apple if you choose those sign-in methods. These providers process data on our behalf under their own privacy policies (Google's and Apple's).",
291,lib/pages/privacy_policy_page.dart,Paragraph — we don't sell data,"We do not sell your data. Beyond the ad-serving and analytics described above, we don't share your data with anyone else for advertising or marketing purposes.",
292,lib/pages/privacy_policy_page.dart,Section heading — Data retention and deletion,Data retention and deletion,
293,lib/pages/privacy_policy_page.dart,Paragraph — account deletion details,"You can delete your account at any time from Settings → Delete account. This permanently removes your personal counters, your account, and your membership in any groups you're part of. This can't be undone. Group data you created (e.g. a group's name or shared tallies) may persist for remaining group members after you leave or delete your account, since it's shared, not personal, data.",
294,lib/pages/privacy_policy_page.dart,Section heading — Children's privacy,Children's privacy,
295,lib/pages/privacy_policy_page.dart,Paragraph — children's privacy statement,"Count Me In is not directed at children under 13, and we do not knowingly collect personal information from children under 13.",
296,lib/pages/privacy_policy_page.dart,Section heading — Security,Security,
297,lib/pages/privacy_policy_page.dart,Paragraph — security statement,"We rely on Firebase's infrastructure and security practices to protect your data, including encryption in transit. No method of storage or transmission is 100% secure, but we take reasonable steps to protect your information.",
298,lib/pages/privacy_policy_page.dart,Section heading — Changes to this policy,Changes to this policy,
299,lib/pages/privacy_policy_page.dart,Paragraph — policy change notice,"If this policy changes, we'll update the ""Last updated"" date above. Continued use of the app after a change means you accept the updated policy.",
300,lib/pages/privacy_policy_page.dart,Section heading — Contact,Contact,
301,lib/pages/privacy_policy_page.dart,Paragraph — contact info,"Questions about this policy, or general support, can be sent to contact.moltenmage@gmail.com.",
302,lib/pages/settings_page.dart,Restore-purchases snackbar,Checking for previous purchases…,
303,lib/pages/settings_page.dart,Sign-in provider label — Google,Google,
304,lib/pages/settings_page.dart,Sign-in provider label — Apple,Apple,
305,lib/pages/settings_page.dart,Sign-in provider label — email/password,Email & password,
306,lib/pages/settings_page.dart,Premium card status label — premium,Premium,
307,lib/pages/settings_page.dart,Premium card status label — basic,Basic,
308,lib/pages/settings_page.dart,Premium card description,"Premium unlocks unlimited counters, groups, and challenges, and removes ads.",
309,lib/pages/settings_page.dart,Premium card — get premium button,Get Premium,
310,lib/pages/settings_page.dart,Premium card — restore purchases button,Restore purchases,
311,lib/pages/settings_page.dart,Premium card — debug downgrade button (debug builds only),Debug: downgrade to Basic,
312,lib/pages/settings_page.dart,Theme section heading,Theme,
313,lib/pages/settings_page.dart,Theme segmented button — system,System,
314,lib/pages/settings_page.dart,Theme segmented button — light,Light,
315,lib/pages/settings_page.dart,Theme segmented button — dark,Dark,
316,lib/pages/settings_page.dart,App bar title (guest),Settings,
317,lib/pages/settings_page.dart,Guest settings — heading,Using Count Me In without an account,
318,lib/pages/settings_page.dart,Guest settings — explanation,"Your counters are stored only on this device. They won't sync, back up, or be visible on other devices.",
319,lib/pages/settings_page.dart,Guest settings — sign-in button,Log in or create an account,
320,lib/pages/settings_page.dart,Guest settings — privacy policy list item,Privacy Policy,
321,lib/pages/settings_page.dart,Debug tile — force native crash (guest settings),Force native test crash,
322,lib/pages/settings_page.dart,Debug tile subtitle — native crash (guest settings),Native crash — needs dSYM to symbolicate,
323,lib/pages/settings_page.dart,Debug tile — force Dart crash (guest settings),Force Dart test crash,
324,lib/pages/settings_page.dart,Debug tile subtitle — Dart crash (guest settings),Dart exception — readable without dSYM,
325,lib/pages/settings_page.dart,App bar title (signed-in),Settings,
326,lib/pages/settings_page.dart,Display name fallback when none set,No name set,
327,lib/pages/settings_page.dart,Email list item label,Email,
328,lib/pages/settings_page.dart,Email subtitle fallback,Unknown,
329,lib/pages/settings_page.dart,"""Signed in with"" list item label",Signed in with,
330,lib/pages/settings_page.dart,"""Signed in with"" subtitle fallback",Unknown,
331,lib/pages/settings_page.dart,Change password list item (shown when using password auth),Change password,
332,lib/pages/settings_page.dart,Notification settings list item,Notification settings,
333,lib/pages/settings_page.dart,Privacy policy list item (signed-in settings),Privacy Policy,
334,lib/pages/settings_page.dart,Debug tile — force native crash (signed-in settings),Force native test crash,
335,lib/pages/settings_page.dart,Debug tile subtitle — native crash (signed-in settings),Native crash — needs dSYM to symbolicate,
336,lib/pages/settings_page.dart,Debug tile — force Dart crash (signed-in settings),Force Dart test crash,
337,lib/pages/settings_page.dart,Debug tile subtitle — Dart crash (signed-in settings),Dart exception — readable without dSYM,
338,lib/pages/settings_page.dart,Sign out list item,Sign out,
339,lib/pages/settings_page.dart,Sign out confirm dialog title,Sign out,
340,lib/pages/settings_page.dart,Sign out confirm dialog message,Are you sure you want to sign out?,
341,lib/pages/settings_page.dart,Sign out confirm button,Sign out,
342,lib/pages/settings_page.dart,Delete account list item,Delete account,
343,lib/pages/settings_page.dart,Ad privacy options list item (shown when required by region),Ad privacy options,
344,lib/pages/settings_page.dart,Force-crash confirm dialog message,This immediately crashes the app to test Crashlytics reporting. Relaunch the app afterward and check the Firebase console in a few minutes.,
345,lib/pages/settings_page.dart,Force-crash confirm button,Crash now,
346,lib/pages/settings_page.dart,Debug tool — generated official challenge snackbar,"Generated ""${challenge.name}"" (${category.name}, ${chosen.length} objectives, $durationDays days).",
347,lib/pages/settings_page.dart,Debug tool — challenge generation failure snackbar,Failed to generate challenge: $e,
348,lib/pages/settings_page.dart,Debug tool list item — generate official challenge,Generate official challenge,
349,lib/pages/settings_page.dart,Debug tool list item subtitle,Creates one random public challenge from the template library,
350,lib/pages/notification_settings_page.dart,App bar title,Notification settings,
351,lib/pages/notification_settings_page.dart,Master toggle title,All notifications,
352,lib/pages/notification_settings_page.dart,Master toggle subtitle,Turn every notification below on or off at once,
353,lib/pages/notification_settings_page.dart,Section header — Groups,Groups,
354,lib/pages/notification_settings_page.dart,Toggle title — group progress,Group progress,
355,lib/pages/notification_settings_page.dart,Toggle subtitle — group progress,Notify me when someone in a group I'm in reaches 80% of the goal,
356,lib/pages/notification_settings_page.dart,Toggle title — group goal reached,Group goal reached,
357,lib/pages/notification_settings_page.dart,Toggle subtitle — group goal reached,Notify me when a group I'm in hits its goal,
358,lib/pages/notification_settings_page.dart,Toggle title — group gone quiet,Group gone quiet,
359,lib/pages/notification_settings_page.dart,Toggle subtitle — group gone quiet,Notify me when a group I'm in hasn't had any activity in a while,
360,lib/pages/notification_settings_page.dart,Section header — Challenges,Challenges,
361,lib/pages/notification_settings_page.dart,Toggle title — challenge halfway point,Challenge halfway point,
362,lib/pages/notification_settings_page.dart,Toggle subtitle — challenge halfway point,Notify me when a challenge I'm in reaches its halfway point,
363,lib/pages/notification_settings_page.dart,Toggle title — challenge deadline approaching,Challenge deadline approaching,
364,lib/pages/notification_settings_page.dart,Toggle subtitle — challenge deadline approaching,Notify me when a challenge I'm in is close to ending,
365,lib/pages/notification_settings_page.dart,Toggle title — passed on the leaderboard,Passed on the leaderboard,
366,lib/pages/notification_settings_page.dart,Toggle subtitle — passed on the leaderboard,Notify me when someone passes my overall progress in a challenge,
367,lib/pages/notification_settings_page.dart,Section header — Personal counters,Personal counters,
368,lib/pages/notification_settings_page.dart,Toggle title — inactivity reminders,Inactivity reminders,
369,lib/pages/notification_settings_page.dart,Toggle subtitle — inactivity reminders,Remind me about a personal counter I haven't updated in a while,
370,lib/widgets/challenge_completed_dialog.dart,Dialog barrier accessibility label,Challenge completed,
371,lib/widgets/challenge_completed_dialog.dart,Dialog title,Challenge complete!,
372,lib/widgets/challenge_completed_dialog.dart,Dialog body message,"You've hit every objective in ""${widget.challenge.name}"". Nice work!",
373,lib/widgets/challenge_completed_dialog.dart,Dialog dismiss button,Nice!,
374,lib/widgets/change_password_dialog.dart,Validation error — missing current password,Enter your current password,
375,lib/widgets/change_password_dialog.dart,Validation error — new password too short,New password must be at least 6 characters,
376,lib/widgets/change_password_dialog.dart,Validation error — confirmation mismatch,New passwords don't match,
377,lib/widgets/change_password_dialog.dart,FirebaseAuthException fallback message,Something went wrong.,
378,lib/widgets/change_password_dialog.dart,Dialog title,Change password,
379,lib/widgets/change_password_dialog.dart,Current password field label,Current password,
380,lib/widgets/change_password_dialog.dart,New password field label,New password,
381,lib/widgets/change_password_dialog.dart,Confirm new password field label,Confirm new password,
382,lib/widgets/change_password_dialog.dart,Dialog cancel button,Cancel,
383,lib/widgets/change_password_dialog.dart,Dialog save button,Save,
384,lib/widgets/confirm_delete_dialog.dart,Generic confirm-delete dialog cancel button,Cancel,
385,lib/widgets/confirm_delete_dialog.dart,Generic confirm-delete dialog default confirm button label,Delete,
386,lib/widgets/counter_form_dialog.dart,Dialog title — editing,Edit counter,
387,lib/widgets/counter_form_dialog.dart,Dialog title — adding,Add counter,
388,lib/widgets/counter_form_dialog.dart,Name field label,Name,
389,lib/widgets/counter_form_dialog.dart,"""Add goal"" checkbox label",Add goal?,
390,lib/widgets/counter_form_dialog.dart,Target count field label,Target count,
391,lib/widgets/counter_form_dialog.dart,Target count field hint,e.g. ${nextTenAbove(currentCount)},
392,lib/widgets/counter_form_dialog.dart,Target count field helper text,Must be between ${currentCount + 1} and $maxCounterInput,
393,lib/widgets/counter_form_dialog.dart,Dialog cancel button,Cancel,
394,lib/widgets/counter_form_dialog.dart,Dialog primary button — editing,Save,
395,lib/widgets/counter_form_dialog.dart,Dialog primary button — adding,Add,
396,lib/widgets/delete_account_dialog.dart,Error message — requires recent login,"For your security, please sign out and sign back in, then try deleting your account again.",
397,lib/widgets/delete_account_dialog.dart,Error message fallback (FirebaseAuthException),Something went wrong. Please try again.,
398,lib/widgets/delete_account_dialog.dart,Error message fallback (generic error),Something went wrong. Please try again.,
399,lib/widgets/delete_account_dialog.dart,Dialog title,Delete account,
400,lib/widgets/delete_account_dialog.dart,Dialog explanation,"This permanently deletes your account, your personal counters, and your membership in any groups. This can't be undone.",
401,lib/widgets/delete_account_dialog.dart,Confirmation-phrase instruction,Type $_confirmPhrase to confirm,
402,lib/widgets/delete_account_dialog.dart,Dialog cancel button,Cancel,
403,lib/widgets/delete_account_dialog.dart,Dialog confirm button — idle,Delete,
404,lib/widgets/delete_account_dialog.dart,Dialog confirm button — submitting,Deleting…,
405,lib/widgets/error_dialog.dart,Generic error dialog OK button,OK,
406,lib/widgets/goal_reached_dialog.dart,Dialog barrier accessibility label,Goal reached,
407,lib/widgets/goal_reached_dialog.dart,Dialog title,Goal reached!,
408,lib/widgets/goal_reached_dialog.dart,Dialog action — continue without setting new goal,Continue,
409,lib/widgets/goal_reached_dialog.dart,Dialog action — start setting a new goal,New goal,
410,lib/widgets/goal_reached_dialog.dart,New-target field label,New target,
411,lib/widgets/goal_reached_dialog.dart,New-target field hint,e.g. ${nextTenAbove(widget.currentCount)},
412,lib/widgets/goal_reached_dialog.dart,New-target field helper text,Must be higher than ${widget.currentCount},
413,lib/widgets/goal_reached_dialog.dart,New-goal form back button,Back,
414,lib/widgets/goal_reached_dialog.dart,New-goal form save button,Save,
415,lib/widgets/paywall_dialog.dart,Dialog title,You've hit the free limit,
416,lib/widgets/paywall_dialog.dart,Dialog explanation,"Free accounts can track up to ${PremiumService.freeItemLimit} counters, groups, and challenges combined. Upgrade to Premium for unlimited tracking and an ad-free experience.",
417,lib/widgets/paywall_dialog.dart,"Dialog ""not now"" button",Not now,
418,lib/widgets/paywall_dialog.dart,"Dialog ""get premium"" button",Get Premium,
419,lib/widgets/premium_upsell_dialog.dart,Debug-mode upgrade confirmation snackbar,Debug: upgraded to Premium,
420,lib/widgets/premium_upsell_dialog.dart,Purchase-unavailable snackbar,Purchases aren't available right now — check back soon!,
421,lib/widgets/premium_upsell_dialog.dart,Dialog title,Upgrade your tracking!,
422,lib/widgets/premium_upsell_dialog.dart,Dialog pitch body text,"With Premium you unlock unlimited counters, groups and challenges. You can also enjoy Count Me In completely ad-free.",
423,lib/widgets/premium_upsell_dialog.dart,Dialog pricing note,One-time purchase. No subscription.,
424,lib/widgets/premium_upsell_dialog.dart,"Dialog ""not now"" button",Not now,
425,lib/widgets/premium_upsell_dialog.dart,Dialog primary button — idle state,Go Premium\n${PremiumService.priceLabel},
426,lib/widgets/premium_upsell_dialog.dart,Dialog primary button — purchasing state,Upgrading…,
427,lib/data/challenge_templates.dart,Challenge category name — Fitness,Fitness,
428,lib/data/challenge_templates.dart,Fitness category flavor name,Move More Week,
429,lib/data/challenge_templates.dart,Fitness category flavor name,Fitness Sprint,
430,lib/data/challenge_templates.dart,Fitness category flavor name,The Grind,
431,lib/data/challenge_templates.dart,Fitness category flavor name,Get Moving Days,
432,lib/data/challenge_templates.dart,Fitness category flavor name,Power Hour Week,
433,lib/data/challenge_templates.dart,Fitness category flavor name,Strength Sprint,
434,lib/data/challenge_templates.dart,Fitness category flavor name,Sweat Sesh,
435,lib/data/challenge_templates.dart,Fitness category flavor name,Rise & Move,
436,lib/data/challenge_templates.dart,Fitness category flavor name,Full Send Week,
437,lib/data/challenge_templates.dart,Fitness category flavor name,Iron Will Sprint,
438,lib/data/challenge_templates.dart,Fitness category flavor name,Momentum Week,
439,lib/data/challenge_templates.dart,Fitness category flavor name,Burn It Up,
440,lib/data/challenge_templates.dart,Fitness category description,A fitness sampler — a little of everything.,
441,lib/data/challenge_templates.dart,Fitness category description,"Movement, your way — mix and match as you go.",
442,lib/data/challenge_templates.dart,Fitness category description,"Get the body moving, one rep at a time.",
443,lib/data/challenge_templates.dart,Fitness category objective name,Push-ups,
444,lib/data/challenge_templates.dart,Fitness category objective name,Squats,
445,lib/data/challenge_templates.dart,Fitness category objective name,Minutes of walking,
446,lib/data/challenge_templates.dart,Fitness category objective name,Pull-ups,
447,lib/data/challenge_templates.dart,Fitness category objective name,Workouts,
448,lib/data/challenge_templates.dart,Challenge category name — Health,Health,
449,lib/data/challenge_templates.dart,Health category flavor name,Hydrate & Feel Great,
450,lib/data/challenge_templates.dart,Health category flavor name,Small Habits Week,
451,lib/data/challenge_templates.dart,Health category flavor name,Reset Days,
452,lib/data/challenge_templates.dart,Health category flavor name,Fresh Start Week,
453,lib/data/challenge_templates.dart,Health category flavor name,Clean Slate Week,
454,lib/data/challenge_templates.dart,Health category flavor name,Wellness Reset,
455,lib/data/challenge_templates.dart,Health category flavor name,Balance Sprint,
456,lib/data/challenge_templates.dart,Health category flavor name,Feel Good Days,
457,lib/data/challenge_templates.dart,Health category flavor name,Recharge Week,
458,lib/data/challenge_templates.dart,Health category flavor name,Steady Habits,
459,lib/data/challenge_templates.dart,Health category flavor name,Nourish & Rest,
460,lib/data/challenge_templates.dart,Health category flavor name,New Rhythm Week,
461,lib/data/challenge_templates.dart,Health category description,"Small daily habits, stacked up over the challenge.",
462,lib/data/challenge_templates.dart,Health category description,"Little resets, repeated until they stick.",
463,lib/data/challenge_templates.dart,Health category description,Everyday choices that add up over time.,
464,lib/data/challenge_templates.dart,Health category objective name,Glasses of water,
465,lib/data/challenge_templates.dart,Health category objective name,Minutes of stretching,
466,lib/data/challenge_templates.dart,Health category objective name,Steps,
467,lib/data/challenge_templates.dart,Health category objective name,Alcohol-free days,
468,lib/data/challenge_templates.dart,Health category objective name,Days without unnecessary purchases,
469,lib/data/challenge_templates.dart,Challenge category name — Mind,Mind,
470,lib/data/challenge_templates.dart,Mind category flavor name,Reading Sprint,
471,lib/data/challenge_templates.dart,Mind category flavor name,Quiet Mind Week,
472,lib/data/challenge_templates.dart,Mind category flavor name,Mindful Month,
473,lib/data/challenge_templates.dart,Mind category flavor name,Slow Down Week,
474,lib/data/challenge_templates.dart,Mind category flavor name,Deep Focus Days,
475,lib/data/challenge_templates.dart,Mind category flavor name,Still Waters Week,
476,lib/data/challenge_templates.dart,Mind category flavor name,Page Turner Sprint,
477,lib/data/challenge_templates.dart,Mind category flavor name,Clear Head Week,
478,lib/data/challenge_templates.dart,Mind category flavor name,Bookworm Sprint,
479,lib/data/challenge_templates.dart,Mind category flavor name,Calm Mind Days,
480,lib/data/challenge_templates.dart,Mind category flavor name,Reflection Week,
481,lib/data/challenge_templates.dart,Mind category flavor name,Wind Down Sprint,
482,lib/data/challenge_templates.dart,Mind category description,For the reflective and the well-read.,
483,lib/data/challenge_templates.dart,Mind category description,Slow down and make space to think.,
484,lib/data/challenge_templates.dart,Mind category description,"Words, quiet, and a little reflection.",
485,lib/data/challenge_templates.dart,Mind category objective name,Pages read,
486,lib/data/challenge_templates.dart,Mind category objective name,Minutes reading,
487,lib/data/challenge_templates.dart,Mind category objective name,Minutes meditating,
488,lib/data/challenge_templates.dart,Mind category objective name,Gratitude entries,
489,lib/data/challenge_templates.dart,Mind category objective name,Books finished,
490,lib/data/challenge_templates.dart,Challenge category name — Productivity,Productivity,
491,lib/data/challenge_templates.dart,Productivity category flavor name,Get It Done Week,
492,lib/data/challenge_templates.dart,Productivity category flavor name,Deep Work Sprint,
493,lib/data/challenge_templates.dart,Productivity category flavor name,Side Project Sprint,
494,lib/data/challenge_templates.dart,Productivity category flavor name,Inbox Zero Sprint,
495,lib/data/challenge_templates.dart,Productivity category flavor name,Momentum Sprint,
496,lib/data/challenge_templates.dart,Productivity category flavor name,Clear the Decks,
497,lib/data/challenge_templates.dart,Productivity category flavor name,Focus Fortnight,
498,lib/data/challenge_templates.dart,Productivity category flavor name,Ship It Week,
499,lib/data/challenge_templates.dart,Productivity category flavor name,Task Force Sprint,
500,lib/data/challenge_templates.dart,Productivity category flavor name,Grind Time Week,
501,lib/data/challenge_templates.dart,Productivity category flavor name,Output Sprint,
502,lib/data/challenge_templates.dart,Productivity category flavor name,No Excuses Week,
503,lib/data/challenge_templates.dart,Productivity category description,"Get things done, one tally at a time.",
504,lib/data/challenge_templates.dart,Productivity category description,Turn intentions into finished things.,
505,lib/data/challenge_templates.dart,Productivity category description,For clearing the list and making progress.,
506,lib/data/challenge_templates.dart,Productivity category objective name,Tasks completed,
507,lib/data/challenge_templates.dart,Productivity category objective name,Minutes of focused work,
508,lib/data/challenge_templates.dart,Productivity category objective name,Hours on a side project,
509,lib/data/challenge_templates.dart,Challenge category name — Culture,Culture,
510,lib/data/challenge_templates.dart,Culture category flavor name,Watch Party Week,
511,lib/data/challenge_templates.dart,Culture category flavor name,Screen Time Sprint,
512,lib/data/challenge_templates.dart,Culture category flavor name,Binge & Play,
513,lib/data/challenge_templates.dart,Culture category flavor name,Culture Club Week,
514,lib/data/challenge_templates.dart,Culture category flavor name,Popcorn Sprint,
515,lib/data/challenge_templates.dart,Culture category flavor name,Game Night Week,
516,lib/data/challenge_templates.dart,Culture category flavor name,Marathon Week,
517,lib/data/challenge_templates.dart,Culture category flavor name,Double Feature Week,
518,lib/data/challenge_templates.dart,Culture category flavor name,Session Sprint,
519,lib/data/challenge_templates.dart,Culture category flavor name,Story Mode Week,
520,lib/data/challenge_templates.dart,Culture category flavor name,Rewatch Sprint,
521,lib/data/challenge_templates.dart,Culture category flavor name,Chef's Table Week,
522,lib/data/challenge_templates.dart,Culture category description,"For the movie buffs, show bingers, and gamers.",
523,lib/data/challenge_templates.dart,Culture category description,"Screens, stories, and a little escapism.",
524,lib/data/challenge_templates.dart,Culture category description,For catching up on everything you've been meaning to watch or play.,
525,lib/data/challenge_templates.dart,Culture category objective name,Series episodes watched,
526,lib/data/challenge_templates.dart,Culture category objective name,Movies watched,
527,lib/data/challenge_templates.dart,Culture category objective name,Hours of gaming,
528,lib/data/challenge_templates.dart,Culture category objective name,Meals cooked,
529,lib/data/challenge_templates.dart,Challenge category name — Leisure,Leisure,
530,lib/data/challenge_templates.dart,Leisure category flavor name,Hobby Hours,
531,lib/data/challenge_templates.dart,Leisure category flavor name,Passion Project Week,
532,lib/data/challenge_templates.dart,Leisure category flavor name,Me-Time Sprint,
533,lib/data/challenge_templates.dart,Leisure category flavor name,Slow Living Week,
534,lib/data/challenge_templates.dart,Leisure category flavor name,Craft Corner Week,
535,lib/data/challenge_templates.dart,Leisure category flavor name,Play Time Sprint,
536,lib/data/challenge_templates.dart,Leisure category flavor name,Creative Hours,
537,lib/data/challenge_templates.dart,Leisure category flavor name,Unwind Week,
538,lib/data/challenge_templates.dart,Leisure category flavor name,Weekend Project Sprint,
539,lib/data/challenge_templates.dart,Leisure category flavor name,Just Because Week,
540,lib/data/challenge_templates.dart,Leisure category flavor name,Tinker Time,
541,lib/data/challenge_templates.dart,Leisure category flavor name,Soul Refill Week,
542,lib/data/challenge_templates.dart,Leisure category description,Make time for the things you actually enjoy doing.,
543,lib/data/challenge_templates.dart,Leisure category description,For hobbies that don't need a good reason.,
544,lib/data/challenge_templates.dart,Leisure category description,A nudge to actually do the fun stuff.,
545,lib/data/challenge_templates.dart,Leisure category objective name,Hours doing a hobby,
546,lib/data/challenge_templates.dart,Leisure category objective name,Board games played,
547,lib/data/challenge_templates.dart,Leisure category objective name,Sketches or drawings made,
548,lib/data/challenge_templates.dart,Leisure category objective name,Minutes gardening,
549,lib/data/challenge_templates.dart,Challenge category name — Outdoors,Outdoors,
550,lib/data/challenge_templates.dart,Outdoors category flavor name,Fresh Air Week,
551,lib/data/challenge_templates.dart,Outdoors category flavor name,Trail Time,
552,lib/data/challenge_templates.dart,Outdoors category flavor name,Outdoor Streak,
553,lib/data/challenge_templates.dart,Outdoors category flavor name,Get Outside Sprint,
554,lib/data/challenge_templates.dart,Outdoors category flavor name,Nature Fix Week,
555,lib/data/challenge_templates.dart,Outdoors category flavor name,Sunshine Sprint,
556,lib/data/challenge_templates.dart,Outdoors category flavor name,Wander Week,
557,lib/data/challenge_templates.dart,Outdoors category flavor name,Explore Days,
558,lib/data/challenge_templates.dart,Outdoors category flavor name,Open Air Sprint,
559,lib/data/challenge_templates.dart,Outdoors category flavor name,Horizon Week,
560,lib/data/challenge_templates.dart,Outdoors category flavor name,Trailblazer Sprint,
561,lib/data/challenge_templates.dart,Outdoors category flavor name,Step Outside Days,
562,lib/data/challenge_templates.dart,Outdoors category description,"For time spent outside, wherever that takes you.",
563,lib/data/challenge_templates.dart,Outdoors category description,"Fresh air, one outing at a time.",
564,lib/data/challenge_templates.dart,Outdoors category description,An excuse to get outside more often.,
565,lib/data/challenge_templates.dart,Outdoors category objective name,Walks,
566,lib/data/challenge_templates.dart,Outdoors category objective name,Minutes outside,
567,lib/data/challenge_templates.dart,Outdoors category objective name,Hikes,
568,lib/data/challenge_templates.dart,Outdoors category objective name,Bike rides,
569,lib/data/challenge_templates.dart,Challenge category name — Social,Social,
570,lib/data/challenge_templates.dart,Social category flavor name,Stay Connected Week,
571,lib/data/challenge_templates.dart,Social category flavor name,Reach Out Sprint,
572,lib/data/challenge_templates.dart,Social category flavor name,Together Time,
573,lib/data/challenge_templates.dart,Social category flavor name,Catch Up Week,
574,lib/data/challenge_templates.dart,Social category flavor name,Check-In Week,
575,lib/data/challenge_templates.dart,Social category flavor name,Circle Time Sprint,
576,lib/data/challenge_templates.dart,Social category flavor name,Community Days,
577,lib/data/challenge_templates.dart,Social category flavor name,Friends First Week,
578,lib/data/challenge_templates.dart,Social category flavor name,Ring Them Up Sprint,
579,lib/data/challenge_templates.dart,Social category flavor name,Gather Round Week,
580,lib/data/challenge_templates.dart,Social category flavor name,Close the Distance,
581,lib/data/challenge_templates.dart,Social category flavor name,Show Up Week,
582,lib/data/challenge_templates.dart,Social category description,For staying close to the people who matter.,
583,lib/data/challenge_templates.dart,Social category description,A nudge to reach out more often.,
584,lib/data/challenge_templates.dart,Social category description,"For keeping in touch, on purpose.",
585,lib/data/challenge_templates.dart,Social category objective name,Calls to family or friends,
586,lib/data/challenge_templates.dart,Social category objective name,Get-togethers or visits,
587,lib/data/challenge_templates.dart,Social category objective name,Messages sent to catch up,
588,functions/index.js,Challenge halfway-point push notification body,"""${data.name}"" is halfway through its time — keep it up!",
589,functions/index.js,Challenge deadline-approaching push notification body,"""${data.name}"" ends in ${daysLeft} day${daysLeft === 1 ? """" : ""s""} — finish strong!",
590,functions/index.js,Counter-inactivity push notification body,"You haven't updated ""${counter.title}"" in a week — still going?",
591,functions/index.js,Group-gone-quiet push notification body,"""${data.name}"" has been quiet for a week — check in?",